id,submission_time,view_number,vote_number,title,message,image
1,1643704037.4340959,0,0,1111,1111,-1
2,1643704145.3538256,0,0,11111,"222

222

222",-1
