id,submission_time,view_number,vote_number,title,message,image
1,1643708900.2704833,0,0,etfgdsg,"dsgsd

gdsgsd

35123",-1
2,1643709400.8086793,0,0,4521521521,512512512,-1
